0,HeartMode,0
0,HeartTeleport,320,279
0,CombatZoneResizeInstant,25,165,615,387
0,Platform,500,220,60,2,100,1
0.25,SansBody,HandLeft
0,SansSlam,2
0.5,BoneStab,2,60,0.375,0.25
0,GasterBlaster,1,-100,229,300,229,180,0,0
0,GasterBlaster,1,-100,329,300,329,180,0,0
0.25,SansBody,HandRight
0.375,SansBody,HandDown
0.125,SansSlam,1
0.25,BoneStab,1,50,0.25,0.25
0.125,SansBody,HandUp
0.25,SansBody,HandUp
0.125,SansSlam,3
0.25,BoneStab,3,50,0.25,0.25
0.125,SansBody,HandDown
0.25,SansTorso,Default
0,SansAnimation,Idle
0.125,BoneVRepeat,625,170,50,2,256,512,15
0,BoneVRepeat,120,120,40,1,80,64,80
0,BoneVRepeat,220,120,40,1,96,64,80
0,BoneVRepeat,320,120,40,1,64,64,80
0,BoneVRepeat,420,120,40,1,88,64,80
0,BoneVRepeat,520,120,40,1,72,64,80
0,SET,j,0
0,JMPE,43,$j,8
0,SET,i,0
0,JMPE,41,$i,4
0,RND,blasterY,25
0,ADD,blasterY,$blasterY,450
0,GetHeartPos,heartX,heartY
0,RND,blasterX,400
0,SUB,blasterX,$blasterX,200
0,ADD,blasterX,$blasterX,$heartX
0,ANGLE,blasterAngle,$blasterX,$blasterY,$heartX,$heartY
0,GasterBlaster,0,320,-150,$blasterX,$blasterY,$blasterAngle,0,0.25
0,ADD,i,$i,1
0,JMPABS,30
0,ADD,j,$j,1
2.5,JMPABS,28
0.375,Sound,Ding,
0,HeartMode,0
0.25,EndAttack