0,CombatZoneResizeInstant,225,215,415,387
0,HeartTeleport,320,300
0,HeartMode,0
0.25,SET,i,0
0,RND,random,4
0,JMPE,58,$i,8
0,JMPE,22,$random,1
0,JMPE,34,$random,2
0,JMPE,46,$random,3
0,Sound,Flash,
0,BlackScreen,1
0,HeartTeleport,320,300
0,SansSlam,0
0.125,BlackScreen,0
0,Sound,Flash,
0,BoneH,230,488,145,3,390
0,BoneH,390,488,20,3,390
0,BoneH,230,113,145,1,390
0,BoneH,390,113,20,1,390
0,ADD,i,$i,1
0.625,JMPABS,5
0,Sound,Flash,
0,BlackScreen,1
0,HeartTeleport,320,300
0,SansSlam,1
0.125,BlackScreen,0
0,Sound,Flash,
0,BoneV,128,220,132,0,390
0,BoneV,128,366,20,0,390
0,BoneV,503,220,132,2,390
0,BoneV,503,366,20,2,390
0,ADD,i,$i,1
0.625,JMPABS,5
0,Sound,Flash,
0,BlackScreen,1
0,HeartTeleport,320,300
0,SansSlam,2
0.125,BlackScreen,0
0,Sound,Flash,
0,BoneH,265,488,145,3,390
0,BoneH,230,488,20,3,390
0,BoneH,265,113,145,1,390
0,BoneH,230,113,20,1,390
0,ADD,i,$i,1
0.625,JMPABS,5
0,Sound,Flash,
0,BlackScreen,1
0,HeartTeleport,320,300
0,SansSlam,3
0.125,BlackScreen,0
0,Sound,Flash,
0,BoneV,128,255,132,0,390
0,BoneV,128,220,20,0,390
0,BoneV,503,255,132,2,390
0,BoneV,503,220,20,2,390
0,ADD,i,$i,1
0.625,JMPABS,5
0,Sound,Flash,
0,BlackScreen,1
0,HeartTeleport,320,300
0,HeartMode,0
0.125,CombatZoneResizeInstant,225,215,415,387
0,BlackScreen,0
0,Sound,Flash,
0.25,EndAttack