0,CombatZoneResizeInstant,25,165,615,387
0,HeartMode,0
0,HeartTeleport,320,300
0.25,SET,i,0
0,JMPE,48,$i,120
0,MUL,angle,$i,15
0,MOD,randomBlaster,$i,8
0,GetHeartPos,HeartX,HeartY
0,COS,blasterX,$angle
0,SET,blasterStartX,$blasterX
0,MUL,blasterX,$blasterX,200
0,MUL,blasterStartX,$blasterStartX,500
0,ADD,blasterX,$blasterX,$HeartX
0,ADD,blasterStartX,$blasterStartX,$HeartX
0,SIN,blasterY,$angle
0,SET,blasterStartY,$blasterY
0,MUL,blasterY,$blasterY,200
0,MUL,blasterStartY,$blasterStartY,500
0,ADD,blasterY,$blasterY,$HeartY
0,ADD,blasterStartY,$blasterStartY,$HeartY
0,ANGLE,direction,$blasterX,$blasterY,$HeartX,$HeartY
0,GasterBlaster,1,$blasterStartX,$blasterStartY,$blasterX,$blasterY,$direction,0,0
0,ADD,angle,$angle,180
0,COS,blasterX,$angle
0,SET,blasterStartX,$blasterX
0,MUL,blasterX,$blasterX,200
0,MUL,blasterStartX,$blasterStartX,500
0,ADD,blasterX,$blasterX,$HeartX
0,ADD,blasterStartX,$blasterStartX,$HeartX
0,SIN,blasterY,$angle
0,SET,blasterStartY,$blasterY
0,MUL,blasterY,$blasterY,200
0,MUL,blasterStartY,$blasterStartY,500
0,ADD,blasterY,$blasterY,$HeartY
0,ADD,blasterStartY,$blasterStartY,$HeartY
0,ANGLE,direction,$blasterX,$blasterY,$HeartX,$HeartY
0,GasterBlaster,1,$blasterStartX,$blasterStartY,$blasterX,$blasterY,$direction,0,0
0,JMPNE,46,$randomBlaster,0
0,RND,blasterX,591
0,ADD,blasterX,$blasterX,25
0,RND,blasterY,223
0,ADD,blasterY,$blasterY,165
0,SUB,blasterStartY,$blasterY,500
0,ANGLE,direction,$blasterX,$blasterY,$HeartX,$HeartY
0,GasterBlaster,1,$blasterX,$blasterStartY,$blasterX,$blasterY,$direction,0,0.375
0,ADD,i,$i,1
0.125,JMPABS,5
0.875,EndAttack