0,CombatZoneResize,133,251,508,391
0,HeartTeleport,320,376
0,HeartMode,0
0.25,HeartMode,1
0,Sound,Ding,
0,BoneVRepeat,128,257,95,0,75,12,133
0,BoneVRepeat,128,366,20,0,75,12,133
0,BoneVRepeat,503,257,95,2,75,12,133
0,BoneVRepeat,503,366,20,2,75,12,133
0,SET,GasterRep1,0
1.375,GetHeartPos,HeartX,HeartY
0,GasterBlaster,1,0,0,$HeartX,250,90,0.375,0.375
0,MOD,ifEven,$GasterRep1,2
0,JMPNE,17,$ifEven,0
0,BoneV,503,366,20,2,128,1
0,Sound,Bonestab,
0,ADD,GasterRep1,$GasterRep1,1
0,JMPNE,11,$GasterRep1,16
2.75,HeartMode,0
0,Sound,Ding,
0.25,EndAttack